metric,value
loss,0.28234443068504333
mae,0.39829349517822266
mse,0.28234443068504333
